symbol,asset_class,freq_label,signal_time,entry_time,exit_time,direction,streak_len,amplitude,raw_weight,trade_return,scaled_weight,gross_leverage,pnl,signed_return,holding_days
伦敦金现,COMMO,Q,1997-06-30,1997-09-30,1998-03-31,1,5,-0.1222236824812721,0.35,-0.0988171882018263,0.35,0.35,-0.0347610158706392,-0.0988171882018263,182
万得科技大类指数,EQUITY,Q,2003-03-31,2003-06-30,2003-12-31,1,5,-0.2811108388937727,0.4,0.3233165607521602,0.4,0.8,0.129126624300864,0.3233165607521602,184
恒生综合行业指数-资讯科技业,EQUITY,Q,2003-03-31,2003-06-30,2003-12-31,1,5,-0.3043138450980767,0.4,0.5403479928757362,0.4,0.8,0.2159391971502945,0.5403479928757362,184
申万小盘指数,EQUITY,Q,2005-06-30,2005-09-30,2006-03-31,1,5,-0.2884989533308707,0.4,0.2076634187708763,0.4,0.4,0.0828653675083505,0.2076634187708763,182
期货收盘价(连续):CBOT小麦,COMMO,W,2007-11-16,2007-11-23,2007-12-07,1,7,-0.1579775280898876,0.35,0.2054977315185482,0.35,0.35,0.0717492060314918,0.2054977315185482,14
现货结算价:LME铜,COMMO,W,2007-11-23,2007-11-30,2007-12-14,1,7,-0.1812345679012346,0.35,-0.0319662243667068,0.35,0.35,-0.0113631785283473,-0.0319662243667068,14
中信风格指数:周期,EQUITY,W,2007-11-30,2007-12-07,2007-12-21,1,7,-0.1993203499257628,0.4,0.1213945481206582,0.4,0.4,0.0483578192482632,0.1213945481206582,14
中证全指,EQUITY,W,2008-03-28,2008-04-04,2008-04-18,1,7,-0.1682885405672928,0.4,-0.179697334191166,0.4,0.4,-0.0720789336764664,-0.179697334191166,14
中信风格指数:稳定,EQUITY,W,2008-04-04,2008-04-11,2008-04-25,1,7,-0.2620503195095408,0.4,0.0104566147174687,0.4,0.8,0.0039826458869874,0.0104566147174687,14
中证全指,EQUITY,W,2008-04-04,2008-04-11,2008-04-25,1,8,-0.2476930333095744,0.4,0.0425335117628538,0.4,0.8,0.0168134047051415,0.0425335117628538,14
期货收盘价(连续):CBOT小麦,COMMO,W,2008-05-16,2008-05-23,2008-06-06,1,7,-0.2040648737425581,0.35,0.0459117874645342,0.35,0.35,0.0158941256125869,0.0459117874645342,14
期货收盘价(连续):CBOT小麦,COMMO,W,2008-05-23,2008-05-30,2008-06-13,1,8,-0.2276739889139807,0.35,0.1722488038277512,0.35,0.35,0.0601120813397129,0.1722488038277512,14
中信风格指数:周期,EQUITY,W,2008-07-04,2008-07-11,2008-07-25,1,7,-0.2661578299011167,0.4,0.0680185851221351,0.2,1.0,0.013503717024427,0.0680185851221351,14
中信风格指数:金融,EQUITY,W,2008-07-04,2008-07-11,2008-07-25,1,7,-0.2461867822406869,0.4,0.1100563229319275,0.2,1.0,0.0219112645863855,0.1100563229319275,14
中证全指,EQUITY,W,2008-07-04,2008-07-11,2008-07-25,1,7,-0.2466569317468885,0.4,0.0751771966382641,0.2,1.0,0.0149354393276528,0.0751771966382641,14
中证红利,EQUITY,W,2008-07-04,2008-07-11,2008-07-25,1,7,-0.2787477203963713,0.4,0.0494120617515507,0.2,1.0,0.0097824123503101,0.0494120617515507,14
申万大盘指数,EQUITY,W,2008-07-04,2008-07-11,2008-07-25,1,7,-0.2439624992582924,0.4,0.0839906342790617,0.2,1.0,0.0166981268558123,0.0839906342790617,14
现货结算价:LME铜,COMMO,W,2008-08-15,2008-08-22,2008-09-05,1,7,-0.1559866066274102,0.35,-0.0321477428180575,0.35,0.35,-0.0114267099863201,-0.0321477428180575,14
万得科技大类指数,EQUITY,W,2008-09-12,2008-09-19,2008-10-03,1,7,-0.2692064020273513,0.4,-0.0302812707975759,0.1111111111111111,1.0,-0.0034201411997306,-0.0302812707975759,14
中信风格指数:周期,EQUITY,W,2008-09-12,2008-09-19,2008-10-03,1,7,-0.3251918881422097,0.4,0.0916848856058452,0.1111111111111111,1.0,0.010131653956205,0.0916848856058452,14
中信风格指数:成长,EQUITY,W,2008-09-12,2008-09-19,2008-10-03,1,7,-0.3426609265177841,0.4,0.0772595187614482,0.1111111111111111,1.0,0.0085288354179386,0.0772595187614482,14
中信风格指数:消费,EQUITY,W,2008-09-12,2008-09-19,2008-10-03,1,7,-0.3001566851494818,0.4,0.0541645927678167,0.1111111111111111,1.0,0.0059627325297574,0.0541645927678167,14
中信风格指数:稳定,EQUITY,W,2008-09-12,2008-09-19,2008-10-03,1,7,-0.1945865264530197,0.4,0.0951796653895284,0.1111111111111111,1.0,0.0105199628210587,0.0951796653895284,14
中证全指,EQUITY,W,2008-09-12,2008-09-19,2008-10-03,1,7,-0.2891610104261423,0.4,0.0707577815840765,0.1111111111111111,1.0,0.0078064201760085,0.0707577815840765,14
中证红利,EQUITY,W,2008-09-12,2008-09-19,2008-10-03,1,7,-0.271354414157559,0.4,0.0884101003413879,0.1111111111111111,1.0,0.0097677889268208,0.0884101003413879,14
申万中盘指数,EQUITY,W,2008-09-12,2008-09-19,2008-10-03,1,7,-0.3540381921335188,0.4,0.0649893365611848,0.1111111111111111,1.0,0.0071654818401316,0.0649893365611848,14
申万小盘指数,EQUITY,W,2008-09-12,2008-09-19,2008-10-03,1,7,-0.3294638113059348,0.4,0.0164596647775234,0.1111111111111111,1.0,0.0017732960863914,0.0164596647775234,14
恒生指数,EQUITY,W,2008-10-17,2008-10-24,2008-11-07,1,7,-0.2698537064094617,0.4,-0.0213532922776293,0.4,0.4,-0.0087413169110517,-0.0213532922776293,14
恒生指数,EQUITY,W,2008-10-24,2008-10-31,2008-11-14,1,8,-0.3669691920686627,0.4,0.0732487298151485,0.4,0.4,0.0290994919260594,0.0732487298151485,14
ICE布油,COMMO,M,2009-02-27,2009-03-31,2009-05-29,1,8,-0.7050758459743292,0.35,0.3325914935707221,0.0804597701149425,1.0,0.0267200052298282,0.3325914935707221,59
中信风格指数:周期,EQUITY,Q,2008-12-31,2009-03-31,2009-09-30,1,5,-0.6712639384352928,0.4,0.8141245861225559,0.0919540229885057,1.0,0.0748160538963269,0.8141245861225559,183
中信风格指数:成长,EQUITY,Q,2008-12-31,2009-03-31,2009-09-30,1,5,-0.5973461421289461,0.4,0.7365292691793104,0.0919540229885057,1.0,0.0676808523383274,0.7365292691793104,183
中信风格指数:稳定,EQUITY,Q,2008-12-31,2009-03-31,2009-09-30,1,5,-0.561713507174431,0.4,0.3078581326967544,0.0919540229885057,1.0,0.0282628167997015,0.3078581326967544,183
中信风格指数:金融,EQUITY,Q,2008-12-31,2009-03-31,2009-09-30,1,5,-0.6549612677009256,0.4,0.7959377137196242,0.0919540229885057,1.0,0.0731436978132987,0.7959377137196242,183
中证全指,EQUITY,Q,2008-12-31,2009-03-31,2009-09-30,1,5,-0.6406323613068696,0.4,0.6797184385743507,0.0919540229885057,1.0,0.0624568679148828,0.6797184385743507,183
中证红利,EQUITY,Q,2008-12-31,2009-03-31,2009-09-30,1,5,-0.6646899741318493,0.4,0.6522249886032894,0.0919540229885057,1.0,0.0599287345842105,0.6522249886032894,183
恒生综合行业指数-资讯科技业,EQUITY,Q,2008-12-31,2009-03-31,2009-09-30,1,5,-0.6305002428363283,0.4,1.3847551776162388,0.0919540229885057,1.0,0.1272878324244817,1.3847551776162388,183
标普500,EQUITY,Q,2008-12-31,2009-03-31,2009-09-30,1,5,-0.3848579367457571,0.4,0.1703072239136449,0.0919540229885057,1.0,0.0156144573713696,0.1703072239136449,183
申万中盘指数,EQUITY,Q,2008-12-31,2009-03-31,2009-09-30,1,5,-0.6187819147137399,0.4,0.764355835477099,0.0919540229885057,1.0,0.0702396170553654,0.764355835477099,183
申万大盘指数,EQUITY,Q,2008-12-31,2009-03-31,2009-09-30,1,5,-0.6440856068857124,0.4,0.621989774260788,0.0919540229885057,1.0,0.0571484849894977,0.621989774260788,183
恒生指数,EQUITY,Q,2009-03-31,2009-06-30,2009-12-31,1,5,-0.4058426564025928,0.4,0.6111128891646034,0.4,0.8,0.2442451556658413,0.6111128891646034,184
标普500,EQUITY,Q,2009-03-31,2009-06-30,2009-12-31,1,6,-0.4566250783186684,0.4,0.3975960996152257,0.4,0.8,0.1588384398460902,0.3975960996152257,184
期货收盘价(连续):CBOT小麦,COMMO,Q,2009-06-30,2009-09-30,2010-03-31,1,5,-0.3938226227175717,0.35,-0.1110024449877752,0.35,0.35,-0.0390258557457213,-0.1110024449877752,182
期货收盘价(连续):CBOT小麦,COMMO,Q,2009-09-30,2009-12-31,2010-06-30,1,6,-0.4575527626274602,0.35,0.0169398907103826,0.35,0.35,0.0057539617486339,0.0169398907103826,181
中信风格指数:稳定,EQUITY,W,2010-05-21,2010-05-28,2010-06-11,1,7,-0.1948607475393089,0.4,0.0104088545763463,0.4,0.4,0.0039635418305385,0.0104088545763463,14
恒生医疗保健指数,EQUITY,W,2011-08-19,2011-08-26,2011-09-09,1,7,-0.213284489815247,0.4,0.0296754276967792,0.4,0.4,0.0116701710787116,0.0296754276967792,14
中信风格指数:周期,EQUITY,W,2011-12-23,2011-12-30,2012-01-13,1,7,-0.1949021243366063,0.4,0.0032176088068325,0.125,1.0,0.000339701100854,0.0032176088068325,14
中信风格指数:成长,EQUITY,W,2011-12-23,2011-12-30,2012-01-13,1,7,-0.1759942377974477,0.4,-0.0444834651503182,0.125,1.0,-0.0056229331437897,-0.0444834651503182,14
中信风格指数:稳定,EQUITY,W,2011-12-23,2011-12-30,2012-01-13,1,7,-0.1089439413784927,0.4,-0.0080412712731013,0.125,1.0,-0.0010676589091376,-0.0080412712731013,14
中证全指,EQUITY,W,2011-12-23,2011-12-30,2012-01-13,1,7,-0.1480641093750999,0.4,-0.0089781781435832,0.125,1.0,-0.0011847722679479,-0.0089781781435832,14
中证红利,EQUITY,W,2011-12-23,2011-12-30,2012-01-13,1,7,-0.1186808369954049,0.4,0.0219682025862795,0.125,1.0,0.0026835253232849,0.0219682025862795,14
申万中盘指数,EQUITY,W,2011-12-23,2011-12-30,2012-01-13,1,7,-0.1765528937884247,0.4,-0.0298817431302884,0.125,1.0,-0.003797717891286,-0.0298817431302884,14
申万大盘指数,EQUITY,W,2011-12-23,2011-12-30,2012-01-13,1,7,-0.1144932296799153,0.4,0.0231328826972219,0.125,1.0,0.0028291103371527,0.0231328826972219,14
申万小盘指数,EQUITY,W,2011-12-23,2011-12-30,2012-01-13,1,7,-0.1918236939282792,0.4,-0.0477209649666448,0.125,1.0,-0.0060276206208306,-0.0477209649666448,14
中信风格指数:周期,EQUITY,W,2011-12-30,2012-01-06,2012-01-20,1,8,-0.2042979324026049,0.4,0.0581291592520092,0.125,1.0,0.0072036449065011,0.0581291592520092,14
中信风格指数:成长,EQUITY,W,2011-12-30,2012-01-06,2012-01-20,1,8,-0.1956308816663197,0.4,-0.0155697015514508,0.125,1.0,-0.0020087126939313,-0.0155697015514508,14
中信风格指数:稳定,EQUITY,W,2011-12-30,2012-01-06,2012-01-20,1,8,-0.115105852418251,0.4,0.0323498624175468,0.125,1.0,0.0039812328021933,0.0323498624175468,14
中证全指,EQUITY,W,2011-12-30,2012-01-06,2012-01-20,1,8,-0.1585164465893889,0.4,0.0376480879304772,0.125,1.0,0.0046435109913096,0.0376480879304772,14
中证红利,EQUITY,W,2011-12-30,2012-01-06,2012-01-20,1,8,-0.1219274816958332,0.4,0.0733316975353035,0.125,1.0,0.0091039621919129,0.0733316975353035,14
申万中盘指数,EQUITY,W,2011-12-30,2012-01-06,2012-01-20,1,8,-0.1872058511765952,0.4,0.0054730325991037,0.125,1.0,0.0006216290748879,0.0054730325991037,14
申万大盘指数,EQUITY,W,2011-12-30,2012-01-06,2012-01-20,1,8,-0.1168290813533341,0.4,0.0754504504504507,0.125,1.0,0.0093688063063063,0.0754504504504507,14
申万小盘指数,EQUITY,W,2011-12-30,2012-01-06,2012-01-20,1,8,-0.2131557579773582,0.4,-0.0038351441539751,0.125,1.0,-0.0005418930192468,-0.0038351441539751,14
中信风格指数:周期,EQUITY,W,2012-01-06,2012-01-13,2012-01-27,1,9,-0.2388295463366908,0.4,0.1061327403734746,0.125,1.0,0.0132040925466843,0.1061327403734746,14
中信风格指数:成长,EQUITY,W,2012-01-06,2012-01-13,2012-01-27,1,9,-0.2469892370928682,0.4,0.0515723947516522,0.125,1.0,0.0063840493439565,0.0515723947516522,14
中信风格指数:稳定,EQUITY,W,2012-01-06,2012-01-13,2012-01-27,1,9,-0.1395401529585737,0.4,0.0616652882189983,0.125,1.0,0.0076456610273747,0.0616652882189983,14
中证全指,EQUITY,W,2012-01-06,2012-01-13,2012-01-27,1,9,-0.1911920016897837,0.4,0.0795687011573846,0.125,1.0,0.009883587644673,0.0795687011573846,14
中证红利,EQUITY,W,2012-01-06,2012-01-13,2012-01-27,1,9,-0.1362662100066494,0.4,0.0911499324783458,0.125,1.0,0.0113312415597932,0.0911499324783458,14
申万中盘指数,EQUITY,W,2012-01-06,2012-01-13,2012-01-27,1,9,-0.2348031941205568,0.4,0.0680162167653279,0.125,1.0,0.0084395270956659,0.0680162167653279,14
申万大盘指数,EQUITY,W,2012-01-06,2012-01-13,2012-01-27,1,9,-0.1318113799773714,0.4,0.0940094587493431,0.125,1.0,0.0116886823436678,0.0940094587493431,14
申万小盘指数,EQUITY,W,2012-01-06,2012-01-13,2012-01-27,1,9,-0.2649226452132739,0.4,0.0663184980785833,0.125,1.0,0.0082273122598229,0.0663184980785833,14
恒生医疗保健指数,EQUITY,Q,2011-12-30,2012-03-30,2012-09-28,1,5,-0.3684060207050066,0.4,0.1707869673250757,0.4,0.4,0.0681147869300302,0.1707869673250757,182
伦敦银现,COMMO,W,2012-06-08,2012-06-15,2012-06-29,1,7,-0.0885889727516949,0.2657669182550849,-0.0356867148571831,0.2657669182550849,0.5525467875017175,-0.009617231689369,-0.0356867148571831,14
恒生医疗保健指数,EQUITY,W,2012-06-08,2012-06-15,2012-06-29,1,7,-0.0716949673116581,0.2867798692466325,0.0609869074065323,0.2867798692466325,0.5525467875017175,0.0173464273971785,0.0609869074065323,14
ICE布油,COMMO,W,2012-06-15,2012-06-22,2012-07-06,1,7,-0.1363839285714285,0.35,0.0055569914706641,0.35,0.35,0.0017699470147324,0.0055569914706641,14
ICE布油,COMMO,W,2012-06-22,2012-06-29,2012-07-13,1,8,-0.2007812499999999,0.35,0.118279569892473,0.35,0.35,0.0412228494623655,0.118279569892473,14
中信风格指数:周期,EQUITY,W,2012-08-03,2012-08-10,2012-08-24,1,7,-0.0960721741458762,0.3842886965835048,-0.0031529413111524,0.3842886965835048,0.3842886965835048,-0.0014037840551587,-0.0031529413111524,14
期货收盘价(连续):CBOT小麦,COMMO,W,2013-03-08,2013-03-15,2013-03-29,1,7,-0.1083870967741935,0.3251612903225807,0.0,0.3251612903225807,0.3251612903225807,-0.0001625806451612,0.0,14
期货收盘价(连续):CBOT小麦,COMMO,W,2014-01-17,2014-01-24,2014-02-07,1,7,-0.1149470380541388,0.3448411141624166,0.023936170212766,0.3448411141624166,0.3448411141624166,0.0080817550478702,0.023936170212766,14
现货结算价:LME铜,COMMO,W,2015-01-23,2015-01-30,2015-02-13,1,7,-0.1448709109017084,0.35,0.0268769037806841,0.35,0.35,0.0092319163232394,0.0268769037806841,14
现货结算价:LME铜,COMMO,W,2015-01-30,2015-02-06,2015-02-20,1,8,-0.1565157435072397,0.35,0.0366939146230698,0.35,0.35,0.0126678701180744,0.0366939146230698,14
伦敦金现,COMMO,W,2015-08-07,2015-08-14,2015-08-28,1,7,-0.0692742374727667,0.2078227124183002,0.0360539117076914,0.2078227124183002,0.2078227124183002,0.0073889103681731,0.0360539117076914,14
ICE布油,COMMO,W,2015-08-14,2015-08-21,2015-09-04,1,7,-0.2105581301632078,0.35,0.0127616130678915,0.35,0.35,0.004291564573762,0.0127616130678915,14
ICE布油,COMMO,W,2015-08-21,2015-08-28,2015-09-11,1,8,-0.2645577271811404,0.35,0.0638356164383562,0.35,0.35,0.0221674657534246,0.0638356164383562,14
恒生地产分类指数,EQUITY,W,2015-09-04,2015-09-11,2015-09-25,1,7,-0.1759736351129185,0.4,0.0514710892609691,0.4,0.8,0.0203884357043876,0.0514710892609691,14
恒生指数,EQUITY,W,2015-09-04,2015-09-11,2015-09-25,1,7,-0.1706388480654045,0.4,0.0165882860434507,0.4,0.8,0.0064353144173803,0.0165882860434507,14
现货结算价:LME铜,COMMO,Q,2015-09-30,2015-12-31,2016-06-30,1,5,-0.2439133016627078,0.35,-0.0522285489888081,0.35,0.35,-0.0184549921460828,-0.0522285489888081,182
伦敦金现,COMMO,Q,2015-12-31,2016-03-31,2016-09-30,1,6,-0.1218769396284189,0.35,0.240340030911901,0.35,0.7,0.0839440108191653,0.240340030911901,183
现货结算价:LME铜,COMMO,Q,2015-12-31,2016-03-31,2016-09-30,1,6,-0.3019596199524941,0.35,0.0276478094427903,0.35,0.7,0.0095017333049766,0.0276478094427903,183
伦敦金现,COMMO,W,2016-12-23,2016-12-30,2017-01-13,1,7,-0.0762774704008214,0.2288324112024643,0.0559270302217678,0.2288324112024643,0.2288324112024643,0.0126835009714389,0.0559270302217678,14
煤炭,COMMO,W,2018-04-20,2018-04-27,2018-05-11,1,7,-0.1267787839586028,0.35,0.0222222222222221,0.35,0.35,0.0076027777777777,0.0222222222222221,14
中信风格指数:周期,EQUITY,M,2018-05-31,2018-06-29,2018-08-31,1,8,-0.1436355546085552,0.4,-0.1396342001204633,0.4,0.4,-0.0560536800481853,-0.1396342001204633,63
中信风格指数:稳定,EQUITY,W,2018-07-06,2018-07-13,2018-07-27,1,7,-0.118322717668533,0.4,0.081844141079201,0.3333333333333333,1.0,0.027114713693067,0.081844141079201,14
中证全指,EQUITY,W,2018-07-06,2018-07-13,2018-07-27,1,7,-0.1425624177857912,0.4,0.04744959081236,0.3333333333333333,1.0,0.01564986360412,0.04744959081236,14
中证红利,EQUITY,W,2018-07-06,2018-07-13,2018-07-27,1,7,-0.1178763364078586,0.4,0.0463724943211254,0.3333333333333333,1.0,0.0152908314403751,0.0463724943211254,14
中信风格指数:周期,EQUITY,M,2018-06-29,2018-07-31,2018-09-28,1,9,-0.2091727359672216,0.4,-0.0576510335079065,0.4,0.4,-0.0232604134031626,-0.0576510335079065,59
伦敦银现,COMMO,W,2018-07-27,2018-08-03,2018-08-17,1,7,-0.0642329579852282,0.1926988739556846,-0.0434107524099113,0.1926988739556846,0.5460905083479591,-0.0084615525439367,-0.0434107524099113,14
恒生综合行业指数-资讯科技业,EQUITY,W,2018-07-27,2018-08-03,2018-08-17,1,7,-0.0883479085980686,0.3533916343922745,-0.1083183298054594,0.3533916343922745,0.5460905083479591,-0.0384554874217888,-0.1083183298054594,14
伦敦银现,COMMO,W,2018-08-03,2018-08-10,2018-08-24,1,8,-0.0689550793074222,0.2068652379222668,-0.0384290265947069,0.2068652379222668,0.6068652379222669,-0.0080530623485963,-0.0384290265947069,14
恒生综合行业指数-资讯科技业,EQUITY,W,2018-08-03,2018-08-10,2018-08-24,1,8,-0.1497628870885149,0.4,0.0019488504038034,0.4,0.6068652379222669,0.0005795401615213,0.0019488504038034,14
伦敦银现,COMMO,W,2018-08-10,2018-08-17,2018-08-31,1,9,-0.0744642208499818,0.2233926625499455,-0.0498430141287283,0.2233926625499455,0.2233926625499455,-0.0112462599670061,-0.0498430141287283,14
伦敦银现,COMMO,W,2018-08-17,2018-08-24,2018-09-07,1,10,-0.1048553093594867,0.3145659280784602,-0.0440957662653861,0.3145659280784602,0.3145659280784602,-0.0140283086036412,-0.0440957662653861,14
万得科技大类指数,EQUITY,M,2018-07-31,2018-08-31,2018-10-31,1,8,-0.1375386552598928,0.4,-0.171517213985894,0.4,0.4,-0.0688068855943576,-0.171517213985894,61
万得科技大类指数,EQUITY,M,2018-08-31,2018-09-28,2018-11-30,1,9,-0.1758976353165565,0.4,-0.0660876924920604,0.4,0.4,-0.0266350769968241,-0.0660876924920604,63
万得科技大类指数,EQUITY,M,2018-09-28,2018-10-31,2018-12-31,1,10,-0.1890172768179545,0.4,-0.0835588131200695,0.4,0.4,-0.0336235252480278,-0.0835588131200695,61
ICE布油,COMMO,W,2018-11-23,2018-11-30,2018-12-14,1,7,-0.2657262676324818,0.35,0.0192107995846311,0.35,0.75,0.0065487798546208,0.0192107995846311,14
万得科技大类指数,EQUITY,M,2018-10-31,2018-11-30,2019-01-31,1,11,-0.2854656222802437,0.4,0.0628406803673085,0.4,0.75,0.0249362721469234,0.0628406803673085,62
ICE布油,COMMO,W,2018-11-30,2018-12-07,2018-12-21,1,8,-0.2659168890583302,0.35,-0.0916645027265644,0.35,0.35,-0.0322575759542975,-0.0916645027265644,14
中信风格指数:周期,EQUITY,Q,2018-12-31,2019-03-29,2019-09-30,1,5,-0.3298591774257952,0.4,0.1289055471492477,0.2,1.0,0.0256811094298495,0.1289055471492477,185
中信风格指数:成长,EQUITY,Q,2018-12-31,2019-03-29,2019-09-30,1,5,-0.3550797501680512,0.4,0.2918955214613521,0.2,1.0,0.0582791042922704,0.2918955214613521,185
中证全指,EQUITY,Q,2018-12-31,2019-03-29,2019-09-30,1,5,-0.2993569985098695,0.4,0.2278360787558486,0.2,1.0,0.0454672157511697,0.2278360787558486,185
申万中盘指数,EQUITY,Q,2018-12-31,2019-03-29,2019-09-30,1,5,-0.3240094294575045,0.4,0.2359226405133505,0.2,1.0,0.0470845281026701,0.2359226405133505,185
申万小盘指数,EQUITY,Q,2018-12-31,2019-03-29,2019-09-30,1,5,-0.352922630548567,0.4,0.1747637060374711,0.2,1.0,0.0348527412074942,0.1747637060374711,185
现货结算价:LME铜,COMMO,W,2019-05-31,2019-06-07,2019-06-21,1,7,-0.1035204714640198,0.3105614143920596,0.0277657642072486,0.3105614143920596,0.3105614143920596,0.0084676942966835,0.0277657642072486,14
现货结算价:LME铜,COMMO,W,2019-06-07,2019-06-14,2019-06-28,1,8,-0.1051488833746898,0.3154466501240696,0.0350086655112651,0.3154466501240696,0.3154466501240696,0.0108856429357806,0.0350086655112651,14
中信风格指数:成长,EQUITY,W,2022-04-15,2022-04-22,2022-05-06,1,7,-0.1600652979331823,0.4,-0.0707609469307615,0.4,0.4,-0.0285043787723046,-0.0707609469307615,14
中信风格指数:成长,EQUITY,W,2022-04-22,2022-04-29,2022-05-13,1,8,-0.2059890181249554,0.4,0.0348803770976089,0.4,0.4,0.0137521508390435,0.0348803770976089,14
中信风格指数:成长,EQUITY,W,2022-04-29,2022-05-06,2022-05-20,1,9,-0.2079287297822176,0.4,0.0795313420987662,0.4,0.4,0.0316125368395064,0.0795313420987662,14
中信风格指数:成长,EQUITY,W,2022-05-06,2022-05-13,2022-05-27,1,10,-0.2194998728114373,0.4,0.0709415446028836,0.4,0.4,0.0281766178411534,0.0709415446028836,14
标普500,EQUITY,W,2022-05-20,2022-05-27,2022-06-10,1,7,-0.1307672426853938,0.4,-0.0001281604363606,0.4,0.4,-0.0002512641745442,-0.0001281604363606,14
恒生综合行业指数-资讯科技业,EQUITY,Q,2022-03-31,2022-06-30,2022-12-30,1,5,-0.4339142229340826,0.4,-0.1016334841056728,0.4,0.4,-0.0408533936422691,-0.1016334841056728,183
伦敦银现,COMMO,W,2022-07-15,2022-07-22,2022-08-05,1,7,-0.1476157882728724,0.35,0.064561027837259,0.35,0.35,0.0224213597430406,0.064561027837259,14
伦敦银现,COMMO,W,2022-07-22,2022-07-29,2022-08-12,1,8,-0.15295459730778,0.35,0.1197543500511775,0.35,0.35,0.0417390225179121,0.1197543500511775,14
万得科技大类指数,EQUITY,W,2022-09-30,2022-10-07,2022-10-21,1,7,-0.1408068283011576,0.4,0.0006375081644069,0.4,0.4,5.500326576279876e-05,0.0006375081644069,14
美国国债10年期,BOND,W,2022-10-14,2022-10-21,2022-11-04,1,11,-0.0544057007538945,0.326434204523367,-0.0075557758870296,0.326434204523367,0.326434204523367,-0.002629680793501,-0.0075557758870296,14
美国国债10年期,BOND,W,2022-10-21,2022-10-28,2022-11-11,1,12,-0.064004941775952,0.3840296506557124,0.0204795830876858,0.3840296506557124,0.3840296506557124,0.0076727523134107,0.0204795830876858,14
恒生地产分类指数,EQUITY,M,2022-09-30,2022-10-31,2022-12-30,1,8,-0.2418953489068005,0.4,0.14206838295825,0.4,0.4,0.0566273531833,0.14206838295825,60
恒生地产分类指数,EQUITY,M,2022-10-31,2022-11-30,2023-01-31,1,9,-0.3807821135432507,0.4,0.4698553874769375,0.4,0.4,0.187742154990775,0.4698553874769375,62
恒生指数,EQUITY,Q,2022-09-30,2022-12-30,2023-06-30,1,5,-0.2991909874981892,0.4,0.0983345942565769,0.4,0.4,0.0391338377026308,0.0983345942565769,182
恒生综合行业指数-资讯科技业,EQUITY,W,2023-05-19,2023-05-26,2023-06-09,1,7,-0.1257682225794973,0.4,0.0163674666429676,0.4,0.4,0.006346986657187,0.0163674666429676,14
恒生综合行业指数-资讯科技业,EQUITY,W,2023-05-26,2023-06-02,2023-06-16,1,8,-0.1554482552816543,0.4,0.1355423859398961,0.4,0.4,0.0540169543759584,0.1355423859398961,14
ICE布油,COMMO,W,2023-12-08,2023-12-15,2023-12-29,1,7,-0.1507109004739336,0.35,0.0170599489795919,0.35,0.35,0.0057959821428571,0.0170599489795919,14
期货收盘价(连续):CBOT大豆,COMMO,W,2024-02-02,2024-02-09,2024-02-23,1,7,-0.085802231627549,0.2574066948826472,-0.0439814814814814,0.2574066948826472,0.2574066948826472,-0.0114498311316318,-0.0439814814814814,14
期货收盘价(连续):CBOT大豆,COMMO,W,2024-02-09,2024-02-16,2024-03-01,1,8,-0.0883031935359753,0.2649095806079261,-0.0356615319687697,0.2649095806079261,0.2649095806079261,-0.0095795362679869,-0.0356615319687697,14
期货收盘价(连续):CBOT大豆,COMMO,W,2024-02-16,2024-02-23,2024-03-08,1,9,-0.0969603693728357,0.2908811081185071,-0.0127822752449935,0.2908811081185071,0.2908811081185071,-0.0038635629415987,-0.0127822752449935,14
期货收盘价(连续):CBOT大豆,COMMO,W,2024-02-23,2024-03-01,2024-03-15,1,10,-0.1260100038476337,0.35,0.0552498349108518,0.35,0.35,0.0191624422187981,0.0552498349108518,14
恒生医疗保健指数,EQUITY,Q,2024-03-28,2024-06-28,2024-12-31,1,5,-0.350327920497179,0.4,0.0284113451416376,0.4,0.8,0.011164538056655,0.0284113451416376,186
恒生地产分类指数,EQUITY,Q,2024-03-28,2024-06-28,2024-12-31,1,5,-0.3776360446018426,0.4,-0.0391816022874726,0.4,0.8,-0.015872640914989,-0.0391816022874726,186
中信风格指数:消费,EQUITY,W,2024-06-28,2024-07-05,2024-07-19,1,7,-0.1305667372291368,0.4,0.0106658194367712,0.4,0.7478929038760992,0.0040663277747085,0.0106658194367712,14
中证全指,EQUITY,W,2024-06-28,2024-07-05,2024-07-19,1,7,-0.0869732259690247,0.3478929038760991,0.0006831733899015,0.3478929038760991,0.7478929038760992,6.37247225256746e-05,0.0006831733899015,14
中信风格指数:消费,EQUITY,W,2024-07-05,2024-07-12,2024-07-26,1,8,-0.1377646269129017,0.4,-0.0212687734332083,0.4,0.9968528967574708,-0.0087075093732833,-0.0212687734332083,14
中信风格指数:金融,EQUITY,W,2024-07-05,2024-07-12,2024-07-26,1,7,-0.0508202988434205,0.2032811953736821,0.0216274255594077,0.2032811953736821,0.9968528967574708,0.0042948083228848,0.0216274255594077,14
中证全指,EQUITY,W,2024-07-05,2024-07-12,2024-07-26,1,8,-0.0983929253459471,0.3935717013837885,-0.0154959092002886,0.3935717013837885,0.9968528967574708,-0.0062955371991381,-0.0154959092002886,14
中信风格指数:成长,EQUITY,Q,2024-06-28,2024-09-30,2025-03-31,1,5,-0.262646439894315,0.4,0.2981844315589439,0.1666666666666666,1.0,0.0496140719264906,0.2981844315589439,182
中信风格指数:消费,EQUITY,Q,2024-06-28,2024-09-30,2025-03-31,1,5,-0.1802770582372733,0.4,0.1314880625011516,0.1666666666666666,1.0,0.0218313437501919,0.1314880625011516,182
恒生医疗保健指数,EQUITY,Q,2024-06-28,2024-09-30,2025-03-31,1,6,-0.4032963885786292,0.4,0.4021674961963222,0.1666666666666666,1.0,0.066944582699387,0.4021674961963222,182
恒生地产分类指数,EQUITY,Q,2024-06-28,2024-09-30,2025-03-31,1,6,-0.4064998107372906,0.4,0.0567682550706936,0.1666666666666666,1.0,0.0093780425117822,0.0567682550706936,182
申万中盘指数,EQUITY,Q,2024-06-28,2024-09-30,2025-03-31,1,5,-0.1520714352833083,0.4,0.128137168890736,0.1666666666666666,1.0,0.0212728614817893,0.128137168890736,182
申万小盘指数,EQUITY,Q,2024-06-28,2024-09-30,2025-03-31,1,5,-0.2345392210525422,0.4,0.2600338688979859,0.1666666666666666,1.0,0.043255644816331,0.2600338688979859,182
ICE布油,COMMO,W,2025-03-07,2025-03-14,2025-03-28,1,7,-0.0855216963909561,0.2565650891728686,0.0353194103194103,0.2565650891728686,0.2565650891728686,0.0089334451135462,0.0353194103194103,14
煤炭,COMMO,Q,2024-12-31,2025-03-31,2025-09-30,1,5,-0.1577699293642785,0.35,-0.0919067872761035,0.35,0.35,-0.0323423755466362,-0.0919067872761035,183
煤炭,COMMO,Q,2025-03-31,2025-06-30,2025-10-17,1,6,-0.2519576185671039,0.35,0.0890585584977945,0.35,0.35,0.030995495474228,0.0890585584977945,109
